link,name,demo,price
https://themeforest.net/item/metronic-responsive-admin-dashboard-template/4021469?s_rank=1,Metronic - Responsive Admin Dashboard Template,https://themeforest.net/item/metronic-responsive-admin-dashboard-template/full_screen_preview/4021469,28
https://themeforest.net/item/angulr-bootstrap-admin-web-app-with-angularjs/8437259?s_rank=2,Angulr - Bootstrap Admin Web App with AngularJS,https://themeforest.net/item/angulr-bootstrap-admin-web-app-with-angularjs/full_screen_preview/8437259,22
https://themeforest.net/item/pages-admin-dashboard-template-web-app/9694847?s_rank=3,Pages - Admin Dashboard Template & Web App,https://themeforest.net/item/pages-admin-dashboard-template-web-app/full_screen_preview/9694847,24
https://themeforest.net/item/constellation-complete-admin-skin/116461?s_rank=4,Constellation complete admin skin,http://preview.themeforest.net/item/constellation-complete-admin-skin/full_screen_preview/116461,22
https://themeforest.net/item/webarch-responsive-admin-dashboard-template/6157416?s_rank=5,Webarch - Responsive Admin Dashboard Template,https://themeforest.net/item/webarch-responsive-admin-dashboard-template/full_screen_preview/6157416,22
https://themeforest.net/item/simpla-admin-flexible-user-friendly-admin-skin/46073?s_rank=6,Simpla Admin - Flexible & User Friendly Admin skin,http://preview.themeforest.net/item/simpla-admin-flexible-user-friendly-admin-skin/full_screen_preview/46073,22
https://themeforest.net/item/porto-admin-responsive-html5-template/8539472?s_rank=7,Porto Admin - Responsive HTML5 Template,https://themeforest.net/item/porto-admin-responsive-html5-template/full_screen_preview/8539472,24
https://themeforest.net/item/developr-fully-responsive-admin-skin/2085628?s_rank=8,Developr - Fully Responsive Admin Skin,https://themeforest.net/item/developr-fully-responsive-admin-skin/full_screen_preview/2085628,20
https://themeforest.net/item/limitless-responsive-web-application-kit/13080328?s_rank=9,Limitless - Responsive Web Application Kit,https://themeforest.net/item/limitless-responsive-web-application-kit/full_screen_preview/13080328,24
https://themeforest.net/item/neon-bootstrap-admin-theme/6434477?s_rank=10,Neon - Bootstrap Admin Theme,https://themeforest.net/item/neon-bootstrap-admin-theme/full_screen_preview/6434477,24
https://themeforest.net/item/remark-responsive-bootstrap-admin-template/11989202?s_rank=11,Remark - Responsive Bootstrap Admin Template,https://themeforest.net/item/remark-responsive-bootstrap-admin-template/full_screen_preview/11989202,24
https://themeforest.net/item/flatlab-bootstrap-3-responsive-admin-template/5902687?s_rank=12,FlatLab - Bootstrap 3  Responsive Admin Template,https://themeforest.net/item/flatlab-bootstrap-3-responsive-admin-template/full_screen_preview/5902687,22
https://themeforest.net/item/white-label-a-full-featured-admin-skin/270758?s_rank=13,White Label - a full featured Admin Skin,https://themeforest.net/item/white-label-a-full-featured-admin-skin/full_screen_preview/270758,39
https://themeforest.net/item/unite-html-business-magazine-community-site/84401?s_rank=14,"Unite - HTML Business, Magazine, Community Site",http://preview.themeforest.net/item/unite-html-business-magazine-community-site/full_screen_preview/84401,28
https://themeforest.net/item/gebo-admin-responsive-template/2440015?s_rank=15,Gebo Admin Responsive Template,https://themeforest.net/item/gebo-admin-responsive-template/full_screen_preview/2440015,18
https://themeforest.net/item/flat-responsive-admin-template/4354008?s_rank=16,FLAT - Responsive Admin Template,https://themeforest.net/item/flat-responsive-admin-template/full_screen_preview/4354008,20
https://themeforest.net/item/fuse-angularjs-material-design-admin-template/12931855?s_rank=17,Fuse - AngularJS Material Design Admin Template,https://themeforest.net/item/fuse-angularjs-material-design-admin-template/full_screen_preview/12931855,24
https://themeforest.net/item/themekit-bootstrap-admin-theme-kit/6767145?s_rank=18,ThemeKit - Bootstrap Admin Theme Kit,https://themeforest.net/item/themekit-bootstrap-admin-theme-kit/full_screen_preview/6767145,24
https://themeforest.net/item/proui-responsive-bootstrap-admin-template/6769035?s_rank=19,ProUI - Responsive Bootstrap Admin Template,https://themeforest.net/item/proui-responsive-bootstrap-admin-template/full_screen_preview/6769035,22
https://themeforest.net/item/its-brain-responsive-bootstrap-3-admin-template/909197?s_rank=20,It's Brain - Responsive Bootstrap 3 Admin Template,https://themeforest.net/item/its-brain-responsive-bootstrap-3-admin-template/full_screen_preview/909197,24
https://themeforest.net/item/bucket-admin-bootstrap-3-responsive-flat-dashboard/6642985?s_rank=21,Bucket Admin Bootstrap 3 Responsive Flat Dashboard,http://preview.themeforest.net/item/bucket-admin-bootstrap-3-responsive-flat-dashboard/full_screen_preview/6642985,24
https://themeforest.net/item/supr-responsive-dashboard-admin-template/2834580?s_rank=22,Supr - Responsive Dashboard Admin Template,http://preview.themeforest.net/item/supr-responsive-dashboard-admin-template/full_screen_preview/2834580,20
https://themeforest.net/item/travel-agency-responsive-hotel-online-booking/6070517?s_rank=23,Travel Agency - Responsive Hotel Online Booking,https://themeforest.net/item/travel-agency-responsive-hotel-online-booking/full_screen_preview/6070517,59
https://themeforest.net/item/xenon-bootstrap-admin-theme-with-angularjs/9059661?s_rank=24,Xenon - Bootstrap Admin Theme with AngularJS,http://preview.themeforest.net/item/xenon-bootstrap-admin-theme-with-angularjs/full_screen_preview/9059661,24
https://themeforest.net/item/aquincum-premium-responsive-admin-template/2543882?s_rank=25,Aquincum - Premium Responsive Admin Template,http://preview.themeforest.net/item/aquincum-premium-responsive-admin-template/full_screen_preview/2543882,24
https://themeforest.net/item/todo-web-application-and-admin-panel-template/5458827?s_rank=26,todo - Web Application and Admin Panel Template,http://preview.themeforest.net/item/todo-web-application-and-admin-panel-template/full_screen_preview/5458827,20
https://themeforest.net/item/clipone-bootstrap-3-responsive-admin-template/5881143?s_rank=27,Clip-One - Bootstrap 3 Responsive Admin Template,https://themeforest.net/item/clipone-bootstrap-3-responsive-admin-template/full_screen_preview/5881143,22
https://themeforest.net/item/bracket-responsive-bootstrap-3-admin-template/6894362?s_rank=28,Bracket Responsive Bootstrap 3 Admin Template,http://preview.themeforest.net/item/bracket-responsive-bootstrap-3-admin-template/full_screen_preview/6894362,24
https://themeforest.net/item/melon-flat-responsive-admin-template/5495486?s_rank=29,Melon – Flat & Responsive Admin Template,https://themeforest.net/item/melon-flat-responsive-admin-template/full_screen_preview/5495486,22
https://themeforest.net/item/oneui-bootstrap-admin-dashboard-template-ui-framework-angularjs/11820082?s_rank=30,OneUI - Bootstrap Admin Dashboard Template + UI Framework + AngularJS,https://themeforest.net/item/oneui-bootstrap-admin-dashboard-template-ui-framework-angularjs/full_screen_preview/11820082,24
https://themeforest.net/item/make-admin-template-builder-html-angularjs/10511387?s_rank=31,Make - Admin Template & Builder - HTML & AngularJS,http://preview.themeforest.net/item/make-admin-template-builder-html-angularjs/full_screen_preview/10511387,24
https://themeforest.net/item/adminus-beautiful-admin-panel-interface/94668?s_rank=32,Adminus - Beautiful admin panel interface,https://themeforest.net/item/adminus-beautiful-admin-panel-interface/full_screen_preview/94668,22
https://themeforest.net/item/admindesigns-bootstrap-admin-template-framework/9903221?s_rank=33,AdminDesigns - Bootstrap Admin Template Framework,http://preview.themeforest.net/item/admindesigns-bootstrap-admin-template-framework/full_screen_preview/9903221,24
https://themeforest.net/item/conquer-responsive-admin-dashboard-template/3716838?s_rank=34,Conquer - Responsive Admin Dashboard Template,http://preview.themeforest.net/item/conquer-responsive-admin-dashboard-template/full_screen_preview/3716838,24
https://themeforest.net/item/avant-clean-and-responsive-bootstrap-332-admin/5961888?s_rank=35,Avant - Clean and Responsive Bootstrap 3.3.2 Admin,https://themeforest.net/item/avant-clean-and-responsive-bootstrap-332-admin/full_screen_preview/5961888,20
https://themeforest.net/item/altair-admin-material-design-uikit-template/12190654?s_rank=36,Altair Admin Material Design UIkit Template,https://themeforest.net/item/altair-admin-material-design-uikit-template/full_screen_preview/12190654,24
https://themeforest.net/item/cliptwo-bootstrap-admin-template-with-angularjs/10290688?s_rank=37,Clip-Two - Bootstrap Admin Template with AngularJS,https://themeforest.net/item/cliptwo-bootstrap-admin-template-with-angularjs/full_screen_preview/10290688,22
https://themeforest.net/item/triangular-material-design-admin-template-angularjs/11711437?s_rank=38,Triangular - Material Design Admin Template AngularJS,https://themeforest.net/item/triangular-material-design-admin-template-angularjs/full_screen_preview/11711437,24
https://themeforest.net/item/allec-bootstrapless-template-with-site-builder/8986248?s_rank=39,Allec - Bootstrap/LESS Template with Site Builder,http://preview.themeforest.net/item/allec-bootstrapless-template-with-site-builder/full_screen_preview/8986248,20
https://themeforest.net/item/first-mobile-first-web-app-theme/5002403?s_rank=40,first - Mobile First Web App Theme,https://themeforest.net/item/first-mobile-first-web-app-theme/full_screen_preview/5002403,20
https://themeforest.net/item/shamcey-metro-style-admin-template/4566092?s_rank=41,Shamcey Metro Style Admin Template,http://preview.themeforest.net/item/shamcey-metro-style-admin-template/full_screen_preview/4566092,20
https://themeforest.net/item/atlant-bootstrap-admin-template/9217590?s_rank=42,Atlant - Bootstrap Admin Template,http://preview.themeforest.net/item/atlant-bootstrap-admin-template/full_screen_preview/9217590,24
https://themeforest.net/item/minovate-angular-admin-dashboard/10068009?s_rank=43,Minovate - Angular Admin Dashboard,https://themeforest.net/item/minovate-angular-admin-dashboard/full_screen_preview/10068009,24
https://themeforest.net/item/material-admin-bootstrap-admin-html5-app/10646222?s_rank=44,Material Admin - Bootstrap Admin HTML5 App,https://themeforest.net/item/material-admin-bootstrap-admin-html5-app/full_screen_preview/10646222,20
https://themeforest.net/item/materialize-material-design-admin-template/11446068?s_rank=45,Materialize - Material Design Admin Template,https://themeforest.net/item/materialize-material-design-admin-template/full_screen_preview/11446068,22
https://themeforest.net/item/notebook-web-app-and-admin-template/6228450?s_rank=46,Notebook - Web App and Admin Template,http://preview.themeforest.net/item/notebook-web-app-and-admin-template/full_screen_preview/6228450,20
https://themeforest.net/item/scale-web-application-admin-template/7016215?s_rank=47,Scale - Web Application & Admin Template,https://themeforest.net/item/scale-web-application-admin-template/full_screen_preview/7016215,20
https://themeforest.net/item/crown-premium-responsive-admin-theme/1733280?s_rank=48,Crown - Premium Responsive Admin Theme,https://themeforest.net/item/crown-premium-responsive-admin-theme/full_screen_preview/1733280,28
https://themeforest.net/item/square-responsive-admin-app-with-angularjs/7511722?s_rank=49,Square - Responsive Admin App with AngularJS,https://themeforest.net/item/square-responsive-admin-app-with-angularjs/full_screen_preview/7511722,20
https://themeforest.net/item/flatkit-app-ui-kit/13231484?s_rank=50,Flatkit | App UI Kit,https://themeforest.net/item/flatkit-app-ui-kit/full_screen_preview/13231484,24
https://themeforest.net/item/modern-responsive-admin-dashboard-template/11004840?s_rank=51,Modern - Responsive Admin Dashboard Template,http://preview.themeforest.net/item/modern-responsive-admin-dashboard-template/full_screen_preview/11004840,22
https://themeforest.net/item/admintasiapowerful-backend-admin-user-interface/57479?s_rank=52,Admintasia-Powerful backend admin user interface,https://themeforest.net/item/admintasiapowerful-backend-admin-user-interface/full_screen_preview/57479,14
https://themeforest.net/item/cloud-admin-bootstrap-3-responsive-dashboard/6069264?s_rank=53,Cloud Admin - Bootstrap 3 Responsive Dashboard,http://preview.themeforest.net/item/cloud-admin-bootstrap-3-responsive-dashboard/full_screen_preview/6069264,22
https://themeforest.net/item/ubold-responsive-web-app-kit/13489470?s_rank=54,Ubold - Responsive Web App Kit,https://themeforest.net/item/ubold-responsive-web-app-kit/full_screen_preview/13489470,24
https://themeforest.net/item/boxie-admin/74076?s_rank=55,Boxie Admin,https://themeforest.net/item/boxie-admin/full_screen_preview/74076,14
https://themeforest.net/item/coming-soon/159422?s_rank=56,Coming Soon,http://preview.themeforest.net/item/coming-soon/full_screen_preview/159422,5
https://themeforest.net/item/se7en-bootstrap-3-responsive-admin-template/5423243?s_rank=57,Se7en - Bootstrap 3 Responsive Admin Template,https://themeforest.net/item/se7en-bootstrap-3-responsive-admin-template/full_screen_preview/5423243,20
https://themeforest.net/item/pastel-dashboard-admin-template-iphone-web-app/1694914?s_rank=58,Pastel Dashboard — Admin Template + iPhone web app,https://themeforest.net/item/pastel-dashboard-admin-template-iphone-web-app/full_screen_preview/1694914,22
https://themeforest.net/item/cleanity-complete-admin-cms-skin-/41517?s_rank=59,Cleanity Complete Admin / CMS Skin,https://themeforest.net/item/cleanity-complete-admin-cms-skin-/full_screen_preview/41517,17
https://themeforest.net/item/vpad-html5css3-app-framework/885302?s_rank=60,vPad - HTML5+CSS3 App Framework,https://themeforest.net/item/vpad-html5css3-app-framework/full_screen_preview/885302,18
https://themeforest.net/item/profi-admin-administration-for-the-professionals/49058?s_rank=61,Profi Admin - Administration for the professionals,https://themeforest.net/item/profi-admin-administration-for-the-professionals/full_screen_preview/49058,22
https://themeforest.net/item/madmin-multi-style-angularjs-admin-frontend/7996710?s_rank=62,mAdmin - Multi Style AngularJS Admin + Frontend,https://themeforest.net/item/madmin-multi-style-angularjs-admin-frontend/full_screen_preview/7996710,25
https://themeforest.net/item/grape-professional-flexible-admin-template/470861?s_rank=63,Grape – Professional & Flexible Admin Template,https://themeforest.net/item/grape-professional-flexible-admin-template/full_screen_preview/470861,18
https://themeforest.net/item/material-design-admin-with-angularjs/13582227?s_rank=64,Material Design Admin with AngularJS,https://themeforest.net/item/material-design-admin-with-angularjs/full_screen_preview/13582227,23
https://themeforest.net/item/pixit-admin-frontend-template/7528815?s_rank=65,Pixit - Admin & Frontend Template,http://preview.themeforest.net/item/pixit-admin-frontend-template/full_screen_preview/7528815,22
https://themeforest.net/item/cupcake-premium-admin-template-mobile-theme/1296055?s_rank=66,Cupcake - Premium Admin Template  + Mobile Theme,https://themeforest.net/item/cupcake-premium-admin-template-mobile-theme/full_screen_preview/1296055,17
https://themeforest.net/item/appui-web-app-bootstrap-admin-template/8603616?s_rank=67,AppUI - Web App Bootstrap Admin Template,https://themeforest.net/item/appui-web-app-bootstrap-admin-template/full_screen_preview/8603616,23
https://themeforest.net/item/mango-slick-responsive-admin-template/2728748?s_rank=68,Mango – Slick & Responsive Admin Template,https://themeforest.net/item/mango-slick-responsive-admin-template/full_screen_preview/2728748,28
https://themeforest.net/item/forza-fullfeatured-admin-app-with-angularjs/8408668?s_rank=69,Forza - Full-featured Admin App with AngularJS,https://themeforest.net/item/forza-fullfeatured-admin-app-with-angularjs/full_screen_preview/8408668,24
https://themeforest.net/item/spina-premium-admin-template-tablet-theme/1301889?s_rank=70,Spina - Premium Admin Template + Tablet Theme,https://themeforest.net/item/spina-premium-admin-template-tablet-theme/full_screen_preview/1301889,20
https://themeforest.net/item/materialism-angular-bootstrap-admin-template/11322821?s_rank=71,Materialism - Angular Bootstrap Admin Template,https://themeforest.net/item/materialism-angular-bootstrap-admin-template/full_screen_preview/11322821,22
https://themeforest.net/item/streamlined-content-managementcrm-template/152731?s_rank=72,Streamlined - Content Management/CRM Template,https://themeforest.net/item/streamlined-content-managementcrm-template/full_screen_preview/152731,11
https://themeforest.net/item/administry-admin-template/113435?s_rank=73,Administry Admin Template,,10
https://themeforest.net/item/packet-angularjs-and-html-web-app/14696285?s_rank=74,Packet - AngularJS And HTML Web App,https://themeforest.net/item/packet-angularjs-and-html-web-app/full_screen_preview/14696285,25
https://themeforest.net/item/chain-responsive-bootstrap-3-admin-template/8539704?s_rank=75,Chain Responsive Bootstrap 3 Admin Template,http://preview.themeforest.net/item/chain-responsive-bootstrap-3-admin-template/full_screen_preview/8539704,24
https://themeforest.net/item/peach-clean-smooth-admin-template/780016?s_rank=76,Peach – Clean & Smooth Admin Template,https://themeforest.net/item/peach-clean-smooth-admin-template/full_screen_preview/780016,20
https://themeforest.net/item/starlight-reponsive-admin-template/2285663?s_rank=77,Starlight Reponsive Admin Template,https://themeforest.net/item/starlight-reponsive-admin-template/full_screen_preview/2285663,17
https://themeforest.net/item/startui-premium-bootstrap-4-admin-dashboard-template/15228250?s_rank=78,StartUI - Premium Bootstrap 4 Admin Dashboard Template,https://themeforest.net/item/startui-premium-bootstrap-4-admin-dashboard-template/full_screen_preview/15228250,24
https://themeforest.net/item/coco-responsive-bootstrap-admin-and-frontend-template/9110062?s_rank=79,Coco - Responsive Bootstrap Admin and Frontend Template,http://preview.themeforest.net/item/coco-responsive-bootstrap-admin-and-frontend-template/full_screen_preview/9110062,13
https://themeforest.net/item/boo-admin-responsive-template/3489498?s_rank=80,Boo Admin - Responsive Template,https://themeforest.net/item/boo-admin-responsive-template/full_screen_preview/3489498,21
https://themeforest.net/item/materil-angular-material-design-admin-template/11062969?s_rank=81,Materil - Angular Material Design Admin Template,http://preview.themeforest.net/item/materil-angular-material-design-admin-template/full_screen_preview/11062969,23
https://themeforest.net/item/beoro-admin-responsive-template/3632296?s_rank=82,Beoro Admin Responsive Template,https://themeforest.net/item/beoro-admin-responsive-template/full_screen_preview/3632296,19
https://themeforest.net/item/learning-app-learning-management-system-template/10759166?s_rank=83,Learning App - Learning Management System Template,https://themeforest.net/item/learning-app-learning-management-system-template/full_screen_preview/10759166,24
https://themeforest.net/item/amanda-responsive-admin-template/2694429?s_rank=84,Amanda Responsive Admin Template,http://preview.themeforest.net/item/amanda-responsive-admin-template/full_screen_preview/2694429,20
https://themeforest.net/item/adminto-responsive-admin-dashboard/15025393?s_rank=85,Adminto - Responsive Admin Dashboard,https://themeforest.net/item/adminto-responsive-admin-dashboard/full_screen_preview/15025393,24
https://themeforest.net/item/rapido-responsive-admin-dashboard-theme/8241494?s_rank=86,Rapido – Responsive Admin Dashboard Theme,http://preview.themeforest.net/item/rapido-responsive-admin-dashboard-theme/full_screen_preview/8241494,24
https://themeforest.net/item/sentir-responsive-admin-and-dashboard-ui-kits/7700260?s_rank=87,Sentir - Responsive Admin and Dashboard UI Kits,http://preview.themeforest.net/item/sentir-responsive-admin-and-dashboard-ui-kits/full_screen_preview/7700260,14
https://themeforest.net/item/metro-lab-responsive-metro-dashboard-template/5359122?s_rank=88,Metro Lab - Responsive Metro Dashboard Template,https://themeforest.net/item/metro-lab-responsive-metro-dashboard-template/full_screen_preview/5359122,20
https://themeforest.net/item/orb-powerful-admin-dashboard-frontend/7758614?s_rank=89,ORB - Powerful Admin Dashboard + FrontEnd,https://themeforest.net/item/orb-powerful-admin-dashboard-frontend/full_screen_preview/7758614,21
https://themeforest.net/item/flaty-responsive-admin-template/5247864?s_rank=90,FLATY - Responsive Admin Template,http://preview.themeforest.net/item/flaty-responsive-admin-template/full_screen_preview/5247864,24
https://themeforest.net/item/smooth-admin/101529?s_rank=91,Smooth Admin,https://themeforest.net/item/smooth-admin/full_screen_preview/101529,14
https://themeforest.net/item/pleasure-material-design-responsive-admin-panel/10579013?s_rank=92,Pleasure - Material Design Responsive Admin Panel,https://themeforest.net/item/pleasure-material-design-responsive-admin-panel/full_screen_preview/10579013,24
https://themeforest.net/item/aquarius-responsive-admin-panel/3355814?s_rank=93,Aquarius - Responsive Admin Panel,https://themeforest.net/item/aquarius-responsive-admin-panel/full_screen_preview/3355814,22
https://themeforest.net/item/adminity-premium-admin-interface/1932718?s_rank=94,Adminity - Premium Admin Interface,https://themeforest.net/item/adminity-premium-admin-interface/full_screen_preview/1932718,19
https://themeforest.net/item/car-dealer-responsive-html5css3-template/2865461?s_rank=95,Car Dealer Responsive HTML5/CSS3 Template,https://themeforest.net/item/car-dealer-responsive-html5css3-template/full_screen_preview/2865461,14
https://themeforest.net/item/amsterdam-premium-responsive-admin-template/3529133?s_rank=96,Amsterdam - Premium Responsive Admin Template,https://themeforest.net/item/amsterdam-premium-responsive-admin-template/full_screen_preview/3529133,28
https://themeforest.net/item/pannonia-fully-responsive-admin-template/4360373?s_rank=97,Pannonia - fully responsive admin template,http://preview.themeforest.net/item/pannonia-fully-responsive-admin-template/full_screen_preview/4360373,21
https://themeforest.net/item/sports-cup-bootstrap-3-sporting-html-template/7813921?s_rank=98,Sports Cup - Bootstrap 3 Sporting HTML Template,http://preview.themeforest.net/item/sports-cup-bootstrap-3-sporting-html-template/full_screen_preview/7813921,17
https://themeforest.net/item/chameleon-circuit-full-featured-admin-theme/411601?s_rank=99,Chameleon Circuit - Full Featured Admin Theme,https://themeforest.net/item/chameleon-circuit-full-featured-admin-theme/full_screen_preview/411601,17
https://themeforest.net/item/londinium-responsive-bootstrap-3-admin-template/6978619?s_rank=100,Londinium - responsive bootstrap 3 admin template,https://themeforest.net/item/londinium-responsive-bootstrap-3-admin-template/full_screen_preview/6978619,24
https://themeforest.net/item/superlist-directory-template/12623631?s_rank=101,Superlist - Directory Template,https://themeforest.net/item/superlist-directory-template/full_screen_preview/12623631,17
https://themeforest.net/item/clean-modern-under-construction-coming-soon/241419?s_rank=102,Clean & Modern Under Construction / Coming Soon,https://themeforest.net/item/clean-modern-under-construction-coming-soon/full_screen_preview/241419,8
https://themeforest.net/item/mustache-admin/1614352?s_rank=103,Mustache! - Admin,https://themeforest.net/item/mustache-admin/full_screen_preview/1614352,18
https://themeforest.net/item/uadmin-responsive-admin-dashboard-template/4399811?s_rank=104,uAdmin - Responsive Admin Dashboard Template,http://preview.themeforest.net/item/uadmin-responsive-admin-dashboard-template/full_screen_preview/4399811,20
https://themeforest.net/item/sublime-web-application-dashboard-customizer-access/8641124?s_rank=105,Sublime - Web Application Dashboard + Customizer Access,https://themeforest.net/item/sublime-web-application-dashboard-customizer-access/full_screen_preview/8641124,20
https://themeforest.net/item/apricot-navigation-admin-dashboard-template/7664475?s_rank=106,Apricot Navigation Admin Dashboard Template,https://themeforest.net/item/apricot-navigation-admin-dashboard-template/full_screen_preview/7664475,24
https://themeforest.net/item/vpanel-application-framework/232714?s_rank=107,vPanel - Application Framework,https://themeforest.net/item/vpanel-application-framework/full_screen_preview/232714,18
https://themeforest.net/item/quirk-bootstrap-admin-template/12189223?s_rank=108,Quirk Bootstrap Admin Template,http://preview.themeforest.net/item/quirk-bootstrap-admin-template/full_screen_preview/12189223,24
https://themeforest.net/item/lemonado-multipurpose-mobile-web-application/5778052?s_rank=109,Lemonado - Multi-purpose Mobile Web Application,https://themeforest.net/item/lemonado-multipurpose-mobile-web-application/full_screen_preview/5778052,15
https://themeforest.net/item/caplet-admin-responsive-html-theme-/6537086?s_rank=110,Caplet Admin Responsive HTML Theme,http://preview.themeforest.net/item/caplet-admin-responsive-html-theme-/full_screen_preview/6537086,20
https://themeforest.net/item/taurus-responsive-bootstrap-330-admin-template/6097032?s_rank=111,Taurus - Responsive Bootstrap 3.3.0 Admin Template,https://themeforest.net/item/taurus-responsive-bootstrap-330-admin-template/full_screen_preview/6097032,22
https://themeforest.net/item/super-flexible-multipurpose-admin-template/7717536?s_rank=112,Super Flexible Multipurpose Admin Template,https://themeforest.net/item/super-flexible-multipurpose-admin-template/full_screen_preview/7717536,28
https://themeforest.net/item/adminique-admin-template/155706?s_rank=113,Adminique - Admin Template,https://themeforest.net/item/adminique-admin-template/full_screen_preview/155706,14
https://themeforest.net/item/adminex-bootstrap-3-responsive-admin-template/7399319?s_rank=114,AdminEx - Bootstrap 3 Responsive Admin Template,https://themeforest.net/item/adminex-bootstrap-3-responsive-admin-template/full_screen_preview/7399319,22
https://themeforest.net/item/social-premium-responsive-admin-template/4611337?s_rank=115,Social - Premium Responsive Admin Template,https://themeforest.net/item/social-premium-responsive-admin-template/full_screen_preview/4611337,20
https://themeforest.net/item/vinta-ss-under-construction-page/54270?s_rank=116,Vinta SS - Under Construction Page,https://themeforest.net/item/vinta-ss-under-construction-page/full_screen_preview/54270,7
https://themeforest.net/item/kode-responsive-admin-dashboard-template/10814250?s_rank=117,Kode -  Responsive Admin Dashboard Template,https://themeforest.net/item/kode-responsive-admin-dashboard-template/full_screen_preview/10814250,22
https://themeforest.net/item/minimal-responsive-admin-template/7326575?s_rank=118,Minimal - Responsive Admin Template,http://preview.themeforest.net/item/minimal-responsive-admin-template/full_screen_preview/7326575,24
https://themeforest.net/item/rainbow-responsive-admin-app-with-angularjs/8060130?s_rank=119,Rainbow - Responsive Admin App with AngularJS,https://themeforest.net/item/rainbow-responsive-admin-app-with-angularjs/full_screen_preview/8060130,21
https://themeforest.net/item/katniss-premium-admin-template/3878281?s_rank=120,Katniss Premium Admin Template,http://preview.themeforest.net/item/katniss-premium-admin-template/full_screen_preview/3878281,28
https://themeforest.net/item/con-material-admin-dashboard-template/10621512?s_rank=121,Con - Material Admin Dashboard Template,http://preview.themeforest.net/item/con-material-admin-dashboard-template/full_screen_preview/10621512,23
https://themeforest.net/item/slate-admin-20-responsive-admin-template/2697147?s_rank=122,Slate Admin 2.0 - Responsive Admin Template,https://themeforest.net/item/slate-admin-20-responsive-admin-template/full_screen_preview/2697147,19
https://themeforest.net/item/ezicms-an-almost-complete-fresh-cms-skin/141307?s_rank=123,eziCMS an Almost Complete Fresh CMS Skin,http://preview.themeforest.net/item/ezicms-an-almost-complete-fresh-cms-skin/full_screen_preview/141307,10
https://themeforest.net/item/reality-admin/142992?s_rank=124,Reality Admin,https://themeforest.net/item/reality-admin/full_screen_preview/142992,9
https://themeforest.net/item/core-admin/263022?s_rank=125,Core Admin,https://themeforest.net/item/core-admin/full_screen_preview/263022,16
https://themeforest.net/item/neueadmin-ii-marketing-dashboard/157467?s_rank=126,NeueAdmin II - Marketing Dashboard,https://themeforest.net/item/neueadmin-ii-marketing-dashboard/full_screen_preview/157467,13
https://themeforest.net/item/the-realm-clean-modern-admin-template/3839869?s_rank=127,The Realm - Clean & Modern Admin Template,https://themeforest.net/item/the-realm-clean-modern-admin-template/full_screen_preview/3839869,18
https://themeforest.net/item/admin-control-panel-pro-simple-professional/136769?s_rank=128,Admin Control Panel Pro - Simple & Professional,https://themeforest.net/item/admin-control-panel-pro-simple-professional/full_screen_preview/136769,14
https://themeforest.net/item/admin-lab-responsive-admin-dashboard-template/4701827?s_rank=129,Admin Lab - Responsive Admin Dashboard Template,https://themeforest.net/item/admin-lab-responsive-admin-dashboard-template/full_screen_preview/4701827,20
https://themeforest.net/item/urban-responsive-admin-template-customizer-access/11250113?s_rank=130,Urban - Responsive Admin Template + Customizer Access,https://themeforest.net/item/urban-responsive-admin-template-customizer-access/full_screen_preview/11250113,24
https://themeforest.net/item/smart-admin-high-end-cms-theme/22750?s_rank=131,Smart Admin High End CMS Theme,https://themeforest.net/item/smart-admin-high-end-cms-theme/full_screen_preview/22750,14
https://themeforest.net/item/bingo-all-purpose-responsive-admin-template/2523759?s_rank=132,Bingo - All Purpose Responsive Admin Template,https://themeforest.net/item/bingo-all-purpose-responsive-admin-template/full_screen_preview/2523759,20
https://themeforest.net/item/infinity-admin-html5-css3-premium-full-featured-app/1627455?s_rank=133,Infinity Admin - HTML5 & CSS3 Premium Full Featured App,https://themeforest.net/item/infinity-admin-html5-css3-premium-full-featured-app/full_screen_preview/1627455,20
https://themeforest.net/item/emanager-10/19140?s_rank=134,eManager 1.0,https://themeforest.net/item/emanager-10/full_screen_preview/19140,22
https://themeforest.net/item/muse-professional-responsive-unlimited-colors/667399?s_rank=135,"Muse- Professional, Responsive, Unlimited Colors",https://themeforest.net/item/muse-professional-responsive-unlimited-colors/full_screen_preview/667399,16
https://themeforest.net/item/cleandream/490140?s_rank=136,CleanDream,https://themeforest.net/item/cleandream/full_screen_preview/490140,16
https://themeforest.net/item/target-responsive-bootstrap-3-admin-template/7709247?s_rank=137,Target - Responsive Bootstrap 3 Admin Template,https://themeforest.net/item/target-responsive-bootstrap-3-admin-template/full_screen_preview/7709247,21
https://themeforest.net/item/cascade-flat-responsive-bootstrap-admin-template/6238081?s_rank=138,Cascade Flat Responsive Bootstrap Admin Template,https://themeforest.net/item/cascade-flat-responsive-bootstrap-admin-template/full_screen_preview/6238081,22
https://themeforest.net/item/avenxo-responsive-angularjs-html-admin/11660185?s_rank=139,Avenxo - Responsive AngularJS + HTML Admin,http://preview.themeforest.net/item/avenxo-responsive-angularjs-html-admin/full_screen_preview/11660185,24
https://themeforest.net/item/dream-works-responsive-admin-template/1988987?s_rank=140,Dream Works Responsive Admin Template,https://themeforest.net/item/dream-works-responsive-admin-template/full_screen_preview/1988987,18
https://themeforest.net/item/brio-web-app-bootstrap-admin-template-dashboard/9529051?s_rank=141,Brio Web App - Bootstrap Admin Template Dashboard,http://preview.themeforest.net/item/brio-web-app-bootstrap-admin-template-dashboard/full_screen_preview/9529051,22
https://themeforest.net/item/cleanslate-html5css3-admin-template/239924?s_rank=142,CleanSlate - HTML5+CSS3 Admin Template,https://themeforest.net/item/cleanslate-html5css3-admin-template/full_screen_preview/239924,16
https://themeforest.net/item/magneto-admin-skin/132072?s_rank=143,Magneto Admin Skin,https://themeforest.net/item/magneto-admin-skin/full_screen_preview/132072,17
https://themeforest.net/item/karma-responsive-bootstrapped-webapp/6993951?s_rank=144,Karma - Responsive bootstrapped webapp,http://preview.themeforest.net/item/karma-responsive-bootstrapped-webapp/full_screen_preview/6993951,20
https://themeforest.net/item/elite-admin-responsive-dashboard-web-app-kit-/16750820?s_rank=145,Elite Admin - Responsive Dashboard Web App Kit,https://themeforest.net/item/elite-admin-responsive-dashboard-web-app-kit-/full_screen_preview/16750820,24
https://themeforest.net/item/slicklab-responsive-admin-dashboard-template/10805428?s_rank=146,SlickLab - Responsive Admin Dashboard Template,http://preview.themeforest.net/item/slicklab-responsive-admin-dashboard-template/full_screen_preview/10805428,22
https://themeforest.net/item/constructive-responsive-under-construction-page/1780258?s_rank=147,Constructive - Responsive Under Construction Page,https://themeforest.net/item/constructive-responsive-under-construction-page/full_screen_preview/1780258,7
https://themeforest.net/item/maverick-responsive-admin-with-angularjs/11336355?s_rank=148,Maverick - Responsive Admin with AngularJS,https://themeforest.net/item/maverick-responsive-admin-with-angularjs/full_screen_preview/11336355,24
https://themeforest.net/item/netstudio-bootstrap-3-multipurpose-template/6084923?s_rank=149,NetStudio - Bootstrap 3 Multi-Purpose Template,https://themeforest.net/item/netstudio-bootstrap-3-multipurpose-template/full_screen_preview/6084923,17
https://themeforest.net/item/element-backend-admin-template/22314?s_rank=150,Element - Backend Admin Template,,14
